1668961110.36,lie
1668961417.44,elie
1668961477.41,r
1668961786.64,er
1668961853.12,er
1668961905.56,sit
1668961907.83,st
1668961910.06,sit
1668961912.62,st
1668961914.59,sit
1668961917.12,st
1668961919.34,sit
1668961921.75,st
1668961921.94,sit
1668961924.02,st
1668961926.50,sit
1668961928.84,st
1668961931.23,sit
1668961933.53,esit
1668962021.69,d
1668962334.73,ed
1668962432.02,wd
1668962644.00,ewd
1668962767.27,wp
1668963089.16,ewp
1668963294.53,ds
1668963322.45,eds
1668963447.58,ws
1668963636.97,ews
1668963653.70,wr
1668963841.48,ewr
1668963867.86,wf
1668964069.69,ewf
1668964132.61,us
1668964158.14,eus
